Akita Inu na zeď,AKITA
Auto na zeď,CAR
Balónky na zeď,BALLOONS
Bulteriér na zeď,BULLTERRIER
Býk na zeď,LBULL
Čáp na zeď,LSTORK
Čárka,LETTERZ_CARKA
Čivava na zeď,CHIHUAHUA
Dinosaurus na zeď,LDINO
Foxteriér na zeď,FOXTERRIER
Francouzský buldoček na zeď,FRBHEAD
Francouzský buldoček na zeď,FRBBODY
Gorila na zeď,LGORILLA
Háček,LETTERZ_HACEK
Horkovzdušné balóny na zeď,TBALOONS
Jack Russel na zeď,JACKSIDE
Jack Russel na zeď,JACKFRONT
Jednorožec - Low poly,LOWPOLY-UNICORN
Jelen - Low poly,LOWPOLY-JELEN
Jelen na zeď,LDEER
Jezevčík na zeď,BASSET
Klokan na zeď,LKANGAROO
Koala na zeď,LKOALA
Kočka - Low poly,LP_CAT/SAND
Kočka - Low poly,LP_CAT/PINK
Kočka - Low poly,LP_CAT/BLUE
Kočka - Low poly,LP_CAT/BLACK
Kočka na zeď,CAT
Kolibřík na zeď,LBIRD
Koník na zeď,ROCKINGHORSE
Kost na zeď,BONE
Kroužek,LETTERZ_KROUZEK
Kůň na zeď,LHORSE
Labrador na zeď,LABRADOR
Lebka - Low poly,LOWPOLY-SKULL
Letadýlko na zeď,PLANE
Lev na zeď,LLION
Medvěd na zeď,LBEAR
Medvídek na zeď,TEDDY
Motýl na zeď,LBUTTERFLY
Mráčky na zeď,CLOUDS
"Nápis ""#instalife""",TINSTALIFE
"Nápis ""#ootd"" - outfit of the day",TOOTD
"Nápis ""Coffee lover""",TCOFFEELOVER
"Nápis ""Dreaming""",TDREAMING
"Nápis ""Fashion king""",TFASHIONKING
"Nápis ""Fashion queen""",TFASHIONQUEEN
"Nápis ""Get naked""",TGETNAKED
"Nápis ""Life is good""",TLIFEISGOOD
"Nápis ""Mancave""",TMANCAVE
"Nápis ""Netflix maniac""",TNETFLIXMANIAC
"Nápis ""Serial chiller""",TSERIALCHILLER
"Nápis ""Sweet dreams""",TSWEETDREAMS
"Nápis ""Welcome""",TWELCOME
"Nápis ""Yummy""",TYUMMY
Nosorožec na zeď,LRHINO
Očicka na zeď,EYES
Opice na zeď,LMONKEY
Orel na zeď,LEAGLE
Ovečky na zeď,SHEEP3
Ovečky na zeď,SHEEP2
Ovečky na zeď,SHEEP1
Písmeno A,LETTER_A
Písmeno B,LETTER_B
Písmeno C,LETTER_C
Písmeno D,LETTER_D
Písmeno E,LETTER_E
Písmeno F,LETTER_F
Písmeno G,LETTER_G
Písmeno H,LETTER_H
Písmeno I,LETTER_I
Písmeno J,LETTER_J
Písmeno K,LETTER_K
Písmeno L,LETTER_L
Písmeno M,LETTER_M
Písmeno N,LETTER_N
Písmeno O,LETTER_O
Písmeno P,LETTER_P
Písmeno Q,LETTER_Q
Písmeno R,LETTER_R
Písmeno S,LETTER_S
Písmeno T,LETTER_T
Písmeno U,LETTER_U
Písmeno V,LETTER_V
Písmeno W,LETTER_W
Písmeno X,LETTER_X
Písmeno Y,LETTER_Y
Písmeno Z,LETTER_Z
Plameňák na zeď,LFLAMINGO
Pug - Low poly,LP_PUG/PINK
Pug - Low poly,LP_PUG/BLACK
Sestavte si vlastní rodinku na zeď,ROD/TAT
Sestavte si vlastní rodinku na zeď,ROD/MAM
Sestavte si vlastní rodinku na zeď,ROD/KLUV
Sestavte si vlastní rodinku na zeď,ROD/KLU2
Sestavte si vlastní rodinku na zeď,ROD/KLU
Sestavte si vlastní rodinku na zeď,ROD/HOLV
Sestavte si vlastní rodinku na zeď,ROD/HOL3
Sestavte si vlastní rodinku na zeď,ROD/HOL2
Sestavte si vlastní rodinku na zeď,ROD/HOL
Slon na zeď,LOWPOLY-SLON
Sova - Low poly,LOWPOLY-OWL
Srdce na zeď,LOWPOLY-HEART
Tučňák na zeď,LPENGUIN
Tužky na zeď,PENCILS
Velryba na zeď,LWHALE
Veverka na zeď,LSQUIRREL
Zajíc na zeď,RABBIT
Zlatý retrívr na zeď,RETRIEVER
Žirafa na zeď,LGIRAFFE
Žralok na zeď,LSHARK
Auto na zeď,CAR
Francouzský buldoček na zeď,FRBHEAD
Bulteriér na zeď,BULLTERRIER
Francouzský buldoček na zeď,FRBBODY
